[{
        "name": "Jenkins",
        "icon": "./img/jenkins.png"
    },
    {
        "name": "Docker",
        "icon": "https://img.icons8.com/fluency/48/000000/docker.png"
    },
    {
        "name": "AWS",
        "icon": "https://img.icons8.com/color/48/000000/amazon-web-services.png"
    },
    {
        "name": "Ansible",
        "icon": "./img/ansible.png"
    },
    {
        "name": "OpenShift",
        "icon": "./img/openshift.png"
    },
    {
        "name": "Kubernetes",
        "icon": "./img/kubernetes.png"
    },
    {
        "name": "Ubuntu Linux",
        "icon": "./img/ubuntu.png"
    },
    {
        "name": "Redhat Linux",
        "icon": "./img/redhat.png"
    },
    {
        "name": "Kali Linux",
        "icon": "./img/kali.png"
    },
    {
        "name": "Machine Learning",
        "icon": "./img/machinelearning.png"
    },
    {
        "name": "Artificial Intelligence",
        "icon": "./img/ai.png"
    },
    {
        "name": "Chat GPT",
        "icon": "./img/chatgpt.png"
    },
    {
        "name": "Python",
        "icon": "https://img.icons8.com/color/48/000000/python--v1.png"
    },
    {
        "name": "C++",
        "icon": "https://img.icons8.com/color/48/000000/c-plus-plus-logo.png"
    },
    {
        "name": "MySQL",
        "icon": "https://img.icons8.com/color/48/000000/mysql-logo.png"
    },
    {
        "name": "Bootstrap",
        "icon": "https://img.icons8.com/color/48/000000/bootstrap.png"
    },
    {
        "name": "HTML5",
        "icon": "https://img.icons8.com/color/48/000000/html-5--v1.png"
    },
    {
        "name": "CSS3",
        "icon": "https://img.icons8.com/color/48/000000/css3.png"
    },
    {
        "name": "JavaScript",
        "icon": "https://img.icons8.com/color/48/000000/javascript--v1.png"
    },
    {
        "name": "Java",
        "icon": "https://img.icons8.com/color/48/000000/java-coffee-cup-logo--v1.png"
    },
    {
        "name": "PHP",
        "icon": "https://img.icons8.com/offices/48/000000/php-logo.png"
    },
    {
        "name": "Git",
        "icon": "https://img.icons8.com/color/48/000000/git.png"
    },
    {
        "name": "GitHub",
        "icon": "https://img.icons8.com/glyph-neue/48/ffffff/github.png"
    }
]